name,cluster
Edward Faaloloto,3
Kaue Fernandes,0
Yan Cabral,2
Heath Herring,0
Neal Ewing,2
Andre Ewell,3
Jessica Eye,3
Jutaro Nakao,3
Benji Radach,0
Chuck Liddell,3
Chris Lytle,0
Brendan Loughnane,0
Nursulton Ruziboev,0
Andrey Pulyaev,0
Joe Pyfer,3
CM Punk,3
Mike Pyle,0
Magomed Mustafaev,2
Jens Pulver,3
Josias Musasa,0
Azamat Murzakanov,0
Lee Murray,3
Khalid Murtazaliev,2
Nicholas Musoke,3
Tom Murphy,2
Lerone Murphy,0
Samandar Murodov,2
Lauren Murphy,3
Ryuichi Murata,2
Makhmud Muradov,2
Andy Murad,0
Kanako Murata,2
Johnny Munoz,3
Olivier Murad,3
Melissa Mullins,0
Mark Munoz,2
Alexander Munoz,3
Andre Muniz,2
Pedro Munhoz,3
Quinn Mulhern,3
Jamie Mullarkey,0
Lauren Mueller,3
Kin Moy,3
Belal Muhammad,3
Jamie Moyle,0
Eduarda Moura,2
Gegard Mousasi,0
Maryna Moroz,3
Sergey Morozov,2
Miki Motono,3
Sammy Morgan,3
Jesse Moreng,2
Vinicius Moreira,0
Alex Morono,3
Dan Moret,0
Brandon Moreno,0
Gisele Moreira,2
Sarah Moras,3
Michael Morales,0
Christian Morecraft,3
Omar Morales,3
Vince Morales,3
Albert Morales,3
Joseph Morales,3
John Moraga,0
Marlon Moraes,3
Nate Moore,3
Sergio Moraes,3
Homer Moore,2
Antonio Monteiro,0
Nicco Montano,3
Darrell Montague,3
Erick Montano,0
Muhammad Mokaev,2
Todd Moore,3
Ashkan Mokhtarian,0
Nate Mohr,3
Thiago Moises,3
Bobby Moffett,3
Jeff Monson,3
Renato Moicano,0
Tatsuya Mizuno,3
Roxanne Modafferi,3
Mizuki,0
Takeya Mizugaki,3
Tomoya Miyashita,2
Hiromitsu Miura,3
Eiji Mitsuoka,0
Kazuyuki Miyata,2
Roman Mitichyan,3
Bryce Mitchell,2
Terrence Mitchell,3
David Mitchell,3
Dokonjonosuke Mishima,3
Kazuo Misaki,3
Vitor Miranda,0
Mario Miranda,0
Gabriel Miranda,2
Frank Mir,0
Stipe Miocic,0
Alberto Mina,3
Ikuhisa Minowa,3
Darrick Minner,0
Mo Miller,2
Che Mills,0
Juliana Miller,0
Jim Miller,3
Micah Miller,3
Henry Miller,3
Phillip Miller,2
Cole Miller,3
Curtis Millender,0
Jason Miller,0
Pat Miletich,0
Dan Miller,3
Chris Mierzwiak,0
Zachary Micklewright,0
Andreas Michailidis,0
Jonathan Micallef,0
David Michaud,3
Guy Mezger,3
Jonathan Meunier,0
Jeremiah Metcalf,2
Yaotzin Meza,3
Adam Meredith,1
Dave Menne,0
Alonzo Menifield,0
Mateus Mendonca,3
Augusto Mendes,3
Ivan Menjivar,3
Antonio Mendes,0
Chad Mendes,2
Gilbert Melendez,3
Brian Melancon,0
Derrick Mehmen,3
Sanford Alton Meeks,2
Jose Daniel Medina,3
Jordan Mein,0
Gerald Meerschaert,0
Uros Medic,0
Emil Meek,3
Kaline Medeiros,2
Yancy Medeiros,3
James McSweeney,0
Sara McMann,2
Garreth McLellan,0
Tim Means,0
Cody McKenzie,3
Terrance McKinney,2
Cory McKenna,3
Conor McGregor,0
AJ McKee,1
Antonio McKee,0
Greg McIntyre,3
Marcus McGhee,0
Gan McGee,3
Liam McGeary,0
Court McGee,3
Drew McFedries,0
Josh McDonald,1
Michael McDonald,3
Robert McDaniel,0
Rob McCullough,3
Justin McCully,3
Kris McCray,2
Sean McCorkle,0
Tamdan McCrory,0
Danni McCormack,2
Charles McCarthy,3
Michael McBride,0
Ian McCall,3
Francesco Mazzeo,2
Molly McCann,0
Sabina Mazo,0
Brooke Mayo,3
Don'Tale Mayes,0
Gray Maynard,3
Gina Mazany,2
Nick Maximov,2
Jack May,3
Connor Matthews,2
Miranda Maverick,0
Vladimir Matyushenko,2
Naoki Matsushita,3
Koyomi Matsushima,1
Jean Matsumoto,3
Jake Matthews,3
Daijiro Matsui,0
Tiffany Masters,2
Jameel Massouh,0
Mike Massenzio,0
Jorge Masvidal,0
Kazuma Maruyama,2
Bristol Marunde,3
Wagner da Conceicao Martins,3
Adriano Martins,3
Julieta Martinez,2
Roque Martinez,0
Melissa Martinez,0
Mana Martinez,0
Andrew Martinez,3
Victor Martinez,0
Poppies Martinez,0
Danny Martinez,3
Jonathan Martinez,0
Mallory Martin,0
Anthony Rocco Martin,3
Terry Martin,2
Francis Marshall,3
Eliot Marshall,3
Carmelo Marrero,3
John Marsh,3
Danilo Marques,2
Christina Marks,2
Ronny Markes,2
Chepe Mariscal,2
Randa Markos,0
Enrique Marin,3
Nate Marquardt,0
Cristiano Marcello,3
Daniel Marcos,0
Chris Manuel,3
Jose Maria,0
Jimi Manuwa,0
Marnic Mann,3
Steve Mann,0
Michael Mangan,1
Melvin Manhoef,0
Jon Manley,3
Troy Mandaloniz,2
Nate Maness,0
Jacob Malkoun,2
Nazareno Malegarie,3
Fabio Maldonado,0
Mike Malott,0
Aliev Makhmud,3
Azat Maksum,3
Islam Makhachev,2
Levan Makashvili,2
Zach Makovsky,2
Jennifer Maia,3
Nayara Maia,3
Klayton Mai,2
Demian Maia,3
John Maguire,3
Zabit Magomedsharipov,2
Abus Magomedov,2
Lolohea Mahe,3
Rashid Magomedov,0
Ruslan Magomedov,0
Neil Magny,0
Caio Magalhaes,3
Angela Magana,3
Leonardo Mafra,0
Mark Madsen,2
Jon Madsen,3
Vinny Magalhaes,3
Yoshiro Maeda,3
Don Madge,0
Reza Madadi,2
Pauline Macias,3
War Machine,0
Ian Machado Garry,0
Clayton MacFarlane,0
Lyoto Machida,0
Rory MacDonald,3
Jason MacDonald,0
Rob MacDonald,2
Dong Hyun Ma,3
Hugh Pulley,2
William Macario,0
Bubba Pugh,2
Juan Puerta,3
Claudio Puelles,2
Daniel Puder,0
Cole Province,0
Lucie Pudilova,3
Brent Primus,2
Jiri Prochazka,0
Lara Procopio,2
Shane Primm,3
Niko Price,3
Carlos Prates,0
Michel Prazeres,2
Carlo Prater,0
Trevor Prangley,2
Francisco Prado,3
Marcin Prachnio,0
Ruan Potts,3
Callan Potter,2
Ihor Potieria,0
Parker Porter,0
Julia Polastri,0
Santiago Ponzinibbio,3
Ross Pointon,3
Igor Pokrajac,0
Jamal Pogues,0
Dustin Poirier,0
Maki Pitolo,0
Luana Pinheiro,3
Pingyuan Liu,3
Paddy Pimblett,0
Daniel Pineda,0
Jesus Pinedo,3
Domingo Pilarte,0
Sean Pierson,3
Mike Pierce,3
Oskar Piechota,0
Jamie Pickett,0
Nick Piccininni,1
Vinc Pichel,0
Brad Pickett,3
Adam Piccolotti,2
Elizabeth Phillips,3
Kyler Phillips,0
Mario Piazzon,1
Aaron Phillips,0
Cody Pfister,3
Nam Phan,3
Constantinos Philippou,3
Forrest Petz,3
Ivana Petrovic,3
Sergio Pettis,3
Seth Petruzelli,3
Armen Petrosyan,0
Vitor Petrino,2
Anthony Pettis,0
Steven Peterson,3
Thomas Petersen,2
Andre Petroski,2
Viktor Pesta,3
Jay Perrin,2
Mike Perry,0
Thiago Perpetuo,2
Anthony Perosh,3
Markus Perez,0
Ailin Perez,2
Alex Perez,0
Frankie Perez,3
Alejandro Perez,3
Alex Pereira,0
Erik Perez,3
Viviane Pereira,3
Michel Pereira,0
Godofredo Pepey,3
Robert Peralta,0
Tecia Pennington,0
Jessica Penne,3
Raquel Pennington,0
Cathal Pendred,0
Sherman Pendergarst,3
BJ Penn,0
Yan Pellerin,3
Julianna Pena,0
Kurt Pellegrino,3
Luis Pena,0
Trevor Peek,0
Tyson Pedro,0
Carlo Pedersoli Jr.,3
Jonathan Pearce,2
Pawel Pawlak,3
Ross Pearson,3
Estevan Payan,3
Sergei Pavlovich,0
Zac Pauga,0
Sam Patterson,3
Jorge Patino,3
Alan Patrick,3
Jhonoven Pati,2
Ramona Pascual,0
Claude Patrick,0
Preston Parsons,2
Jordan Parsons,3
Mick Parkin,0
Norman Parke,3
JunYong Park,0
HyunSung Park,0
Josh Parisian,0
Karo Parisyan,2
Bryan Pardoe,2
Ruel Panales,0
Alexandre Pantoja,2
Rousimar Palhares,2
Soa Palelei,0
Sasha Palatnikov,0
Bart Palaszewski,3
Fredson Paixao,0
Michael Page,0
Dustin Pague,0
Raulian Paiva,3
Chris Padilla,0
Damacio Page,3
George Pacurariu,2
Teemu Packalen,0
Nick Pace,3
Mike Russow,2
Anthony Ruiz,0
Montserrat Conejo Ruiz,3
Eddie Ruiz,3
Gabe Ruediger,3
Rodolfo Rubio Perez,3
Murilo Rua,0
Brandon Royval,3
Phil Rowe,0
Mauricio Rua,0
Ronda Rousey,2
Ray Routh,3
Jared Rosholt,0
Jake Rosholt,2
Jacob Rosales,0
Raul Rosas Jr.,2
Aaron Rosa,0
Charles Rosa,3
George Roop,3
Ben Rothwell,3
Rongzhu,0
Karol Rosa,0
Juancamilo Ronderos,3
Mara Romero Borella,3
Jesse Ronson,0
Cortavious Romious,3
Anthony Romero,0
Kaleio Romero,0
Ricardo Romero,0
Yoel Romero,0
Alexandr Romanov,2
Tim Roman,3
Jared Rollins,0
Max Rohskopf,3
Marcelo Rojo,3
Shane Roller,3
Brian Rogers,3
Marcos Rogerio de Lima,0
Christian Rodriguez,0
Piera Rodriguez,2
Ronaldo Rodriguez,0
Drako Rodriguez,3
Ray Rodriguez,3
Daniel Rodriguez,0
Marina Rodriguez,0
Manuel Rodriguez,1
Kleydson Rodrigues,0
Ricco Rodriguez,0
Gregory Rodrigues,0
Yair Rodriguez,0
Keith Rockel,2
Luke Rockhold,0
Alvin Robinson,0
Vagner Rocha,3
Kenny Robertson,0
Colin Robinson,2
Gillian Robertson,0
Roosevelt Roberts,0
Daniel Roberts,3
Danny Roberts,3
Karl Roberson,0
Theo Rlayang,0
Kali Robbins,0
Irwin Rivera,0
Pedro Rizzo,3
Francisco Rivera,3
Jimmie Rivera,3
Diego Rivas,3
Jorge Rivera,0
Mike Rio,3
Maria Rios,3
Nick Ring,3
Robbie Ring,3
Jordan Rinaldi,3
Moise Rimbon,3
Aaron Riley,3
Brad Riddell,0
Matthew Riddle,2
Joe Riggs,0
Matt Ricehouse,0
Tabatha Ricci,3
Esteban Ribovics,0
Mike Ricci,3
Brendson Ribeiro,0
Will Ribeiro,3
Amanda Ribas,3
Vitor Ribeiro,3
Claudio Ribeiro,0
Mike Rhodes,3
Lucrezia Ria,0
Alex Reyes,0
Dominick Reyes,0
Solomon Renfro,0
Marion Reneau,3
Goran Reljic,3
Montserrat Rendon,3
Chance Rencountre,3
Ben Reiter,2
Wilson Reis,3
Chad Reiner,3
Zachary Reese,2
Johnny Rees,0
Stephen Regman,2
Jason Reinhardt,3
Elise Reed,0
Karl Reed,0
Rafael Rebello,3
Mateusz Rebecki,2
Iony Razafiarison,3
Abdul Razak Alhassan,0
Gideon Ray,3
Stevie Ray,0
Bec Rawlings,3
Ed Ratcliff,3
Mitch Raposo,3
Kevin Randleman,0
Dorian Ramos,0
Davi Ramos,3
Luis Ramos,3
Amador Ramirez,0
Ricardo Ramos,3
Mitch Ramirez,3
Hector Ramirez,3
Matt Ramirez,0
Jessica Rakoczy,0
Shavkat Rakhmonov,0
Aleksandar Rakic,0
Charles Radtke,0
Loik Radzhabov,2
Ricky Rainey,0
Cristian Quinonez,3
Jose Quinonez,0
Landon Quinones,3
Jimmy Quinlan,2
Josh Quinlan,3
Vinicius Queiroz,2
Billy Quarantillo,0
Nate Quarry,0
Qiu Lun,0
Tucker Lutz,0
Travis Lutter,3
Dalcha Lungiambula,0
Vicente Luque,0
Mike Lullo,3
Duane Ludwig,0
Iasmin Lucindo,0
Stephanie Luciano,3
Matt Lucas,0
Lu Kai,3
Waylon Lowe,2
Ian Loveland,3
Caolan Loughran,3
Gustavo Lopez,3
Jorge Lopez,2
Matthew Lopez,2
Bruno Lopes,3
Dileno Lopes,3
Diego Lopes,0
Ange Loosa,0
Loma Lookboonmee,0
Michael Lombardo,0
David Loiseau,0
Artem Lobov,3
Dylan Lockard,0
Ryan Loder,0
Hector Lombard,0
Abner Lloveras,0
Dean Lister,3
Lucio Linhares,3
Philipe Lins,0
Tainara Lisboa,0
Austin Lingo,3
Jake Lindsey,0
John Lineker,3
Matt Lindland,2
Felipe Lima,0
Andre Lima,0
Douglas Lima,3
Juliana Lima,0
Dhiego Lima,3
Jae Suk Lim,1
Hyun Gyu Lim,3
Zach Light,3
Donnie Liles,3
Jess Liaudin,2
Liang Na,2
Malik Lewis,2
Li Jingliang,3
Brandon Lewis,3
Natan Levy,2
Derrick Lewis,0
Marcus LeVesseur,2
Leah Letson,3
Justin Levens,0
Valerie Letourneau,3
Brock Lesnar,2
Anthony Leone,0
Kimo Leopoldo,2
Victoria Leonardo,3
Nik Lentz,2
Jesse Lennox,3
Amanda Lemos,0
Claudia Leite,0
Sherron Leggett,2
Thales Leites,3
Ricky Legere Jr.,2
Cheyden Leialoha,3
ChangHo Lee,2
Rocky Lee,0
JeongYeong Lee,0
Andrea Lee,0
Vaughan Lee,0
Kevin Lee,3
Tae Hyun Lee,3
James Lee,1
Justin Ledet,3
Stephen Ledbetter,2
Jordan Leavitt,0
Chris Leben,3
Carlos Leal,0
Quang Le,3
Mounir Lazzez,0
Valmir Lazaro,3
Ronnie Lawrence,2
Cung Le,0
Eric Lawson,1
Lance Lawrence,0
Justin Lawrence,3
Tom Lawlor,3
Muhammed Lawal,2
Robbie Lawler,0
Dan Lauzon,3
Jenel Lausa,3
Joe Lauzon,3
Bobby Lashley,1
Jeremy Larsen,0
Ilir Latifi,0
Brock Larson,0
TJ Laramie,0
Chad Laprise,3
Taylor Lapilus,0
Lorenz Larkin,0
Lina Lansberg,0
Jeremy Lang,2
Jose Landi-Jons,3
Austen Lane,0
Nate Landwehr,0
Jason Lambert,0
Ricardo Lamas,0
Yohan Lainesse,3
Corinne Laframboise,2
Noad Lahat,0
Ryan LaFlare,3
Luan Lacerda,0
Aspen Ladd,0
Daniel Lacerda,0
Steve Byrnes,2
Dennis Buzukja,0
Charles Byrd,0
JP Buys,3
Jason Butcher,1
Bubba Bush,2
Murilo Bustamante,3
George Bush,1
Dakota Bush,3
Herbert Burns,3
Kevin Burns,3
Mads Burnell,3
Gilbert Burns,0
Abubakar Nurmagomedov,0
Achmed Labasanov,3
Kennedy Nzechukwu,0
Diyar Nurgozhay,0
Umar Nurmagomedov,2
Said Nurmagomedov,0
Khabib Nurmagomedov,2
Nina Nunes,0
Diego Nunes,0
Amanda Nunes,2
Phillipe Nover,3
Jason Novelli,3
Scott Norton,3
Shayilan Nuerdanbieke,2
Shohei Nose,3
Sage Northcutt,0
Tom Nolan,0
KJ Noons,3
Kyle Noke,0
Antonio Rodrigo Nogueira,3
Rogerio Nogueira,3
Anthony Njokuani,0
Felipe Bunes,0
Shane Burgos,0
Joshua Burkman,3
Modestas Bukauskas,3
Paul Buentello,0
Joaquin Buckley,3
Martin Buday,0
Dylan Budka,3
Mayra Bueno Silva,0
Julia Budd,2
Lukasz Brzeski,0
Travis Browne,3
Fernando Bruno,3
Steve Bruno,0
Cody Brundage,0
Junie Browning,2
Humberto Brown Morrison,0
Damien Brown,3
TJ Brown,2
Derek Brunson,2
Randy Brown,0
Jarred Brooks,2
Will Brooks,0
Mike Brown,2
Matt Brown,0
Joanderson Brito,2
Jonathan Brookins,3
Antwain Britt,3
Mats Nilsson,3
Guangyou Ning,3
Tom Niinimaki,2
Jaimelene Nievera,0
Stewart Nicoll,2
Ramsey Nijem,2
Bo Nickal,2
Mike Nickels,1
Steven Nguyen,3
Emanuel Newton,0
Matheus Nicolau,0
Ben Nguyen,3
Francis Ngannou,3
Journey Newson,3
Carlos Newton,3
Antonio Braga Neto,3
Julio Cesar Neves Jr.,3
Eduardo Neves,2
Mario Neto,2
Kyle Nelson,0
Gunnar Nelson,0
Shane Nelson,3
Nicolae Negumereanu,3
Roy Nelson,3
Stanislav Nedkov,3
Geoff Neal,0
Josh Neer,0
Danny Navarro,3
Tafon Nchukwi,0
Kevin Natividad,3
Ismail Naurdiev,0
Pawel Nastula,2
Rafael Natal,0
Nasrudin Nasrudinov,2
Bobby Nash,3
Rodrigo Nascimento,0
Allan Nascimento,0
Yasuhito Namekawa,0
Nad Narimani,3
Rose Namajunas,3
Yoshihiro Nakao,3
Yui Chul Nam,0
Marcus Brimage,3
Jason Brilz,3
Robert Breslin,0
Charlie Brenneman,2
Elves Brener,0
Mike Breeden,0
Martin Bravo,3
Bruna Brasil,0
David Branch,3
Diego Brandao,2
Joe Brammer,3
Paul Bradley,3
Ramiz Brahimaj,0
Kyle Bradley,3
Colley  Bradford,1
Sean Brady,2
Roger Bowling,2
Brian Bowles,3
Steve Bosse,0
Poliana Botelho,0
Caio Borralho,0
Rogerio Bontorin,2
Tokitaka Nakanishi,2
Ray Borg,2
Stephan Bonnar,3
Jesse Bongfeldt,0
Rinya Nakamura,0
Keita Nakamura,3
Daisuke Nakamura,3
Rin Nakai,3
Muhammad Naimov,3
Kazuhiro Nakamura,3
Yura Naito,0
Ismael Bonfim,0
Katsuhiko Nagata,3
Denys Bondar,2
Gabriel Bonfim,2
Gaston Bolanos,0
Mandy Bohm,0
Roman Bogatov,3
Galore Bofando,0
Kyle Bochniak,3
Mark Bocek,2
Dan Bobish,0
Tim Boetsch,0
Tereza Bleda,0
Erin Blanchfield,0
Curtis Blaydes,2
Da'Mon Blackshear,0
Maximo Blanco,0
Sherrard Blackledge,2
Brad Blackburn,3
Jason Black,0
Davi Bittencourt,1
Jan Blachowicz,0
Anthony Birchak,3
Angad Bisht,0
Michael Bisping,3
Blake Bilder,0
David Bielkheden,2
Bibulatov Magomed,2
Arjan Bhullar,0
Matt Bessette,3
Allen Berube,2
Anton Berzin,0
Edson Berto,2
Talita Bernardo,3
Keith Berish,3
Dennis Bermudez,2
Manny Bermudez,2
Steve Berger,3
Bret Bergmark,2
Lance Benoist,0
Ryan Benoit,3
Benjamin Bennett,2
Josh Bennett,3
Charles Bennett,3
Gabriel Benitez,3
Marco Beltran,3
Joey Beltran,3
Rodolfo Bellato,0
Danilo Belluardo,2
Joseph Benavidez,3
Diana Belbita,3
Azamat Bekoev,2
Alan Belcher,3
Mirsad Bektic,2
Vitor Belfort,0
Lyle Beerbohm,0
Chase Beebe,3
Jeff Bedard,2
Johnny Bedford,0
Chris Beal,3
Mario Bautista,0
Shayna Baszler,3
Bryan Battle,0
Farid Basharat,2
Austin Bashi,1
Javid Basharat,0
Enrique Barzola,2
Francimar Barroso,0
Alexandre Barros,3
Peter Barrett,0
Marc-Andre Barriault,0
Dan Barrera,0
Phil Baroni,0
James Barnes,3
Luke Barnatt,3
Nick Barnes,3
Josh Barnett,0
Dione Barbosa,0
Daniel Barez,0
Bryan Barberena,0
Edson Barboza,0
Raoni Barcelos,0
Maycee Barber,0
Antonio Banuelos,3
Tae Hyun Bang,3
Renan Barao,3
Oluwale Bamgbose,0
Humberto Bandenay,3
Balajin,3
Bryan Baker,0
Shamar Bailey,3
Jordan Bailey,2
Bahatebole Batebolati,0
Siyar Bahadurzada,3
Ali Bagautinov,3
Izabela Badurek,0
Ryan Bader,2
Alptekin Ozkilic,3
Seth Baczynski,3
Niklas Backstrom,3
Miguel Baeza,0
Valentijn Overeem,3
Sidney Outlaw,3
Shungo Oyama,3
Zak Ottow,3
Artur Oumakhanov,3
Alexander Otsuka,0
Alistair Overeem,0
Nissen Osterneck,0
Takafumi Otsuka,3
Rachael Ostovich,3
Ode Osbourne,3
Kenji Osawa,3
Nick Osipczak,0
Dustin Ortiz,2
Sam Oropeza,2
Brian Ortega,3
Tito Ortiz,0
Myktybek Orolbai,2
Jarrod Kwitty,1
Mike Kyle,0
Kyle Kurtz,3
Guram Kutateladze,0
Ramazan Kuramagomedov,0
Vadym Kutsyi,2
Leo Kuntz,3
Kiichi Kunimoto,0
Rizvan Kuniev,2
Aleksei Kunchenko,0
Keigo Kunihara,3
Anton Kuivanen,3
Michael Kuiper,0
Sumit Kumar,3
Mariusz Ksiazkiewicz,2
Kaynan Kruschewsky,2
Nikita Krylov,0
Pascal Krauss,0
Derrick Krantz,3
James Krause,0
Steve Kozola,3
Matt Kovacs,3
Karolina Kowalkiewicz,0
Alan Omer,0
David Onama,0
Cameron Olson,2
Michihiro Omigawa,3
Dennis Olson,3
Casey Olson,2
Gadzhi Omargadzhiev,3
Daniel Omielanczuk,0
Andy Ologun,0
Ravena Oliveira,0
Vinicius Oliveira,0
Maria Oliveira,3
Saimon Oliveira,3
Rafaello Oliveira,3
Alex Oliveira,0
Michal Oleksiejczuk,0
Aleksei Oleinik,0
Charles Oliveira,0
Kazuki Okubo,3
Bolaji Oki,0
Yushin Okami,3
Trey Ogden,0
Naoya Ogawa,3
Andy Ogle,0
Naoyuki Kotani,3
Andrey Koreshkov,2
Ilya Kotau,2
Josh Koscheck,3
Steven Koslow,2
Roman Kopylov,0
Cheick Kongo,0
Kaloyan Kolev,1
Yuki Kondo,3
Tsuyoshi Kohsaka,3
Kelly Kobold,3
Erik Koch,3
Josefine Knutsson,0
Seokhyeon Ko,0
Isao Kobayashi,3
William Knight,0
Jason Knight,3
Drakkar Klose,0
Fatima Kline,0
Nick Klein,2
Top Noi Kiwram,2
Seth Kleinbeck,3
Ludovit Klein,0
Satoru Kitaoka,3
Justine Kish,0
Volkan Oezdemir,0
Sean O'Malley,0
Casey O'Neill,0
Brendan O'Reilly,0
Nobuhiro Obiya,3
TJ O'Brien,0
Kamuela Kirk,0
Jake O'Brien,2
Kyle Kingsbury,3
Mike King,0
Dustin Kimura,3
Rob Kimmons,0
Jeremy Kimball,0
KyeungPyo Kim,2
SangWon Kim,0
Sangwook Kim,0
Jong Won Kim,3
Dong Hyun Kim,2
Jacob Kilburn,3
Dae Won Kim,3
Katsunori Kikuno,3
Pannie Kianzad,0
Akira Kikuchi,0
WonBin Ki,0
Aliaskhab Khizriev,2
Sanae Kikuta,0
Sergey Khandozhko,3
Alfred Khashakyan,2
Rustam Khabilov,3
Sergei Kharitonov,0
Maimaitituoheti Keremuaili,0
Mark Kerr,3
Casey Kenney,3
Daniel Kelly,3
Steve Kennedy,3
Tim Kennedy,0
Jeremy Kennedy,2
Paul Kelly,3
Cristiane Justino,0
Myles Jury,3
Chan Sung Jung,3
Luke Jumeau,0
Da Woon Jung,3
Bu-Kyung Jung,3
Chris Kelades,0
Brian Kelleher,3
Julie Kedzie,3
Masuto Kawana,1
Toshiomi Kazama,0
Lone'er Kavanagh,0
Tatsuya Kawajiri,2
Sarah Kaufman,0
Hisaki Kato,0
Calvin Kattar,3
Brad Katona,0
Tetsuji Kato,3
Yusuke Kasuya,0
Nadia Kassem,3
Jinnosuke Kashimura,2
Ernesta Kareckaite,3
Impa Kasanganay,0
David Kaplan,2
Manel Kape,0
Kai Kara-France,3
Georgi Karakhanyan,3
Alex Karalexis,3
Denis Kang,3
Masanori Kanehara,0
Koya Kanda,3
Kai Kamaka,0
Kyung Ho Kang,0
Martin Kampmann,3
Saidyokub Kakhramonov,2
Sirwan Kakai,2
Shuya Kamikubo,0
Kaiwen,0
Emily Kagan,3
Anshul Jubli,0
Jesse Juarez,0
Carli Judice,0
Kevin Jousset,0
Tony Juarez,3
Charles Jourdain,0
Alan Jouban,0
Jeff Joslin,3
Mike Joy,3
Krzysztof Jotko,3
Dwight Joseph,0
Scott Jorgensen,3
Ivan Jorge,0
Shawn Jordan,0
Jocelyn Jones-Lybarger,3
Mason Jones,2
Trevin Jones,3
Justin Jones,3
Carlton Jones,2
Marcus Jones,1
Daniel Jolly,2
Liana Jojua,3
Jon Jones,0
Jose Johnson,0
Charles Johnson,0
Taylor Johnson,1
Kajan Johnson,3
Timothy Johnson,0
Demetrious Johnson,2
Dashon Johnson,0
Jordan Johnson,2
Tony Johnson,0
Lavar Johnson,0
Michael Johnson,3
Miles Johns,0
Brett Johns,2
DaMarques Johnson,3
Anthony Johnson,0
Sung Bin Jo,3
Carls John De Tomas,3
Jiniushiyue,3
Baergeng Jieleyisi,3
Ronald Jhun,0
Ryan Jimmo,0
Ryan Jensen,3
Bubba Jenkins,2
Jack Jenkins,0
Joanna Jedrzejczyk,0
Rony Jason,0
Jasmine Jasudavicius,0
Justin Jaynes,0
Keith Jardine,3
Ryan Janes,0
Virna Jandiroba,3
Dave Jansen,3
Dustin Jacoby,0
Richard Jacobi,2
Montel Jackson,2
Mike Jackson,0
Jeremy Jackson,3
Damon Jackson,3
Quinton Jackson,0
Eugene Jackson,3
Tonya Evinger,3
Yves Jabouin,3
Movsar Evloev,2
Doug Evans,3
Ashlee Evans-Smith,3
Sijara Eubanks,3
Rashad Evans,3
Billy Evangelista,3
Terry Etim,3
Rafael Estevam,2
Jodie Esquibel,3
Juan Espino,1
Carla Esparza,3
Jordan Espinosa,0
Efrain Escudero,0
Chel Erwin-Davis,2
Cole Escovedo,0
Nick Ertl,0
Ivan Erslan,0
Tom Erikson,2
Julian Erosa,0
Steve Erceg,0
Kenny Ento,2
Oliver Enkamp,3
Marius Enache,3
Jamall Emmers,0
Josh Emmett,3
Rob Emerson,3
Aleksander Emelianenko,3
Ramazan Emeev,0
Aaron Ely,3
Fedor Emelianenko,0
Lisa Ellis,2
Eddy Ellis,2
Joe Ellenberger,2
Oban Elliott,0
Saul Elizondo,3
Tim Elliott,2
Jake Ellenberger,3
Billy Elekana,0
Evan Elder,0
Darren Elkins,3
Per Eklund,0
Joselyne Edwards,0
Jon Olav Einemo,0
Stephanie Egger,0
Justin Eilers,0
Leon Edwards,0
Te Edwards,3
Abdul-Kerim Edilov,2
Justin Edwards,3
Johnny Eduardo,3
Mark Eddiva,0
Yves Edwards,3
Ross Ebanez,2
Brian Ebersole,0
Mike Easton,3
Frankie Edgar,3
Marvin Eastman,3
Cody East,2
Mando Gutierrez,0
Ben Earwood,2
Mike Guymon,0
Justin Guthrie,3
Chris Gutierrez,0
Andreas Gustafsson,2
Hunter Azure,0
Hiroshi Izumi,3
Alexander Gustafsson,3
Luciano Azevedo,0
Luiz Azeredo,3
Abu Azaitar,0
Saad Awad,3
Julia Avila,3
Blas Avena,0
Marcus Aurelio,3
Pat Audinwood,3
Rich Attonito,0
Olivier Aubin-Mercier,0
Bazigit Atajev,3
Tom Aspinall,2
Junior Assuncao,0
Raphael Assuncao,3
Ben Askren,2
Bruno Assis,3
Scott Askham,0
Cyril Asker,2
Askar Askarov,0
Yanal Ashmouz,2
Cesar Arzamendia,2
Matt Arroyo,0
Antonio Arroyo,0
Eli Aronov,1
Chalid Arrab,3
Akbarh Arreola,0
Austin Arnett,3
Garrett Armfield,0
Ricardo Arona,0
Dan Argueta,2
Alice Ardelean,0
Andrei Arlovski,0
Jorge Gurgel,3
John Gunther,2
John Gunderson,3
Marcelo Guimaraes,0
Jason Guida,3
Fabricio Guerreiro,3
Shannon Gugerty,3
Melvin Guillard,3
Rainn Guerrero,3
Clay Guida,3
Mike Grundy,2
Vik Grujic,0
Chris Gruetzemacher,0
Josh Grispi,3
Kendall Grove,3
Maxim Grishin,0
Chad Griggs,0
Charalampos Grigoriou,0
Jordan Griffin,0
Matt Grice,0
Max Griffin,0
Tyson Griffin,3
Forrest Griffin,3
Desmond Green,0
King Green,0
Shelton Graves,2
Gabe Green,0
Tony Gravely,2
Michael Graves,2
Alexa Grasso,3
Davey Grant,0
Dwight Grant,3
Bogdan Grad,2
TJ Grant,0
Igor Gracie,2
Kron Gracie,3
Anthony Ivy,2
Leandro Issa,3
Wallid Ismail,3
Damir Ismagulov,3
Tokimitsu Ishizawa,3
Satoshi Ishii,3
Blagoy Ivanov,3
Teruto Ishihara,0
Mitsuhiro Ishida,2
Eiji Ishikawa,3
Eric Irvin,2
Jason Ireland,3
Guto Inocente,0
Chris Indich,3
Brad Imes,3
Nassourdine Imavov,0
Yusuke Imamura,2
Michael Imperato,0
Zelim Imadaev,3
Seichi Ikemoto,3
Fabiano Iha,2
Al Iaquinta,3
Julio Arce,3
Khadis Ibragimov,0
Igor Araujo,3
Dan Ige,0
Romie Aram,3
Felipe Arantes,0
Viviane Araujo,0
Aoriqileng,0
Shinsho Anzai,0
Azunna Anyanwu,3
Shinya Aoki,0
Magomed Ankalaev,0
Gadzhimurad Antigulov,2
Julius Anglickas,2
Chad Anheliger,0
Dylan Andrews,2
Collin Anglin,0
Reese Andy,0
Viscardi Andrade,3
Derek Anderson,3
Liam Anderson,0
Corey Anderson,2
Jessica Andrade,0
Eryk Anders,0
Megan Anderson,0
Jaqueline Amorim,0
Makwan Amirkhani,2
Hyder Amil,0
Jimmy Ambriz,3
Adlan Amagov,2
Sam Alvey,0
Rafael Alves,0
Warlley Alves,0
Roger Gracie,3
Ralek Gracie,0
Thiago Alves,3
Rolles Gracie,3
Rodrigo Gracie,0
Ryan Gracie,2
Renzo Gracie,3
Daniel Gracie,3
Crosley Gracie,3
Wilson Gouveia,3
Tim Gorman,3
Tresean Gore,2
Thibault Gouti,3
Themba Gorimbo,2
Chase Gormley,3
Eddie Gordon,3
Jonathan Goulet,2
Malcolm Gordon,0
Jared Gordon,0
Todd Gouwenberg,3
Lyman Good,0
Jared Gooden,0
Erick Gonzalez,2
Gary Goodridge,0
Lewis Gonzalez,3
Pearl Gonzalez,3
Justin Gonzales,1
Fernando Gonzalez,0
Gabriel Gonzaga,2
Akihiro Gono,0
William Gomis,0
Takanori Gomi,3
Joey Gomez,3
Luis Gomez,3
Joey Gomez,0
Frank Gomez,0
Jaime Alvarez,3
Eddie Alvarez,3
Victor Altamirano,2
Ali AlQaisi,2
Sarah Alpar,0
Jailton Almeida,2
Thomas Almeida,0
Ericka Almeida,3
Ben Alloway,0
Asu Almabayev,2
Arnold Allen,3
Ricardo Almeida,2
Brendan Allen,0
Daniel Allen,0
John Allan,3
Ikram Aliskerov,0
Nurullo Aliev,0
Sultan Aliev,0
Bill Algeo,0
Olaf Alfonso,3
Kenneth Alexander,3
Marcio Alexandre Junior,0
Jim Alers,3
Houston Alexander,0
Talita Alencar,3
John Alessio,3
Irina Alekseeva,0
Hector Aldana,3
JJ Aldrich,0
Jose Aldo,0
Gilbert Aldana,0
Ildemar Alcantara,3
Irene Aldana,3
Sergio Gomez,3
Denise Gomes,0
Hannah Goldy,0
Aleksandra Albu,0
Billy Ray Goff,0
Marcelo Golm,0
Iuri Alcantara,0
Allan Goes,0
Clint Godfrey,3
Jason Glaza,2
Ricky Glenn,3
Loopy Godinez,2
Brandon Girtz,2
Billy Giovanella,3
Alex Gilpin,0
Gregor Gillespie,2
Kultar Gill,0
Trevin Giles,0
Thomas Gifford,3
Joseph Gigliotti,3
Cody Gibson,0
Christos Giagos,3
Joe Giannetti,3
Tiki Ghosn,0
Chad George,2
Shamil Gaziev,0
Louis Gaudinot,3
Sean Gauci,2
Junior Albini,0
Amir Albazi,3
Alatengheili,3
Herdem Alacabek,0
Abdul-Kareem Al-Selwady,3
Rostem Akman,3
Razak Al-Hassan,3
Omari Akhmedov,3
Yoshihiro Akiyama,3
Nick Aguirre,3
Jesus Aguilar,0
Kevin Aguilar,3
Jessica Aguilar,0
Mohamed Ado,2
Mariya Agapova,0
Daniel Acacio,3
Israel Adesanya,0
Juan Adams,0
Papy Abedi,2
Klidson Abreu,3
Ricardo Abreu,3
Daichi Abe,3
Hamdy Abdelwahab,0
Mansur Abdul-Malik,0
Shamil Abdurakhimov,0
David Abbott,3
Melissa Gatto,0
Azamat Gashimov,3
Pablo Garza,0
Kelvin Gastelum,3
Fernie Garcia,3
Rulon Gardner,3
Elias Garcia,3
Steve Garcia,0
Rafa Garcia,2
Alejandro Garcia,1
Edgar Garcia,3
Alex Garcia,3
Eduardo Garagorri,0
Ciryl Gane,0
Cody Garbrandt,3
Leonard Garcia,3
Mateusz Gamrot,2
Manvel Gamburyan,3
Ariel Gandulla,3
Andre Galvao,0
Marcos Galvao,3
Tom Gallicchio,3
Travis Galbraith,3
Zelg Galesic,0
Mickey Gall,0
Muin Gafurov,0
Mitch Gagnon,0
Justin Gaethje,0
Magomed Gadzhiyasulov,2
Claudia Gadelha,3
Will Currie,0
Pat Curran,0
Kailin Curran,3
Ion Cutelaba,2
Jeff Curran,3
Santo Curatolo,3
Alton Cunningham,0
Luke Cummo,0
Patrick Cummins,2
Abel Cullum,2
Timmy Cuamba,3
Zak Cummings,3
Marcio Cruz,0
Dominick Cruz,3
Richard Crunkilton,2
Allen Crowder,0
Daron Cruickshank,3
Jimmy Crute,2
Ken Cross,0
Kevin Croom,3
Paul Creighton,2
Jeff Crotty,2
Andrew Craig,3
Tim Credeur,3
Jeff Cox,3
Paul Craig,0
Hailey Cowan,3
Colby Covington,3
Nathan Coy,2
Ryan Couture,0
JC Cottrell,3
Randy Couture,2
Patrick Cote,0
Alessandro Costa,0
Melquizael Costa,0
Paulo Costa,0
Orion Cosce,0
Louis Cosce,0
Reyes Cortez Jr.,0
Tracy Cortez,0
Daniel Cormier,0
Waldo Cortes-Acosta,0
Nora Cornolle,0
Bethe Correia,0
Akira Corassani,0
Amanda Cooper,0
Mike Cook,0
TJ Cook,0
Tristan Connelly,0
Marcos Conrado Jr.,3
Carlos Condit,3
Jamie Colleen,0
Clay Collard,3
Jake Collier,0
Mark Coleman,2
Wayne Cole,3
Devin Cole,0
John Cofer,3
Marloes Coenen,0
Felipe Colares,0
Josh Clopton,0
Dakota Cochrane,2
Mark Climaco,2
Mitch Clarke,3
Jessica-Rose Clark,0
Rich Clementi,3
Heather Clark,0
Logan Clark,0
Devin Clark,0
Misha Cirkunov,2
Hannah Cifers,0
Murad Chunkaiev,1
Ryo Chonan,0
John Cholish,0
DongHun Choi,0
SeungWoo Choi,3
Dooho Choi,0
Hong Man Choi,3
SeungGuk Choi,3
Mu Bae Choi,2
Khamzat Chimaev,2
Mark Cherico,3
Macy Chiasson,0
Giga Chikadze,3
Michael Chiesa,3
Emilio Chavez,2
Danny Chavez,3
Ernest Chavez,3
Michael Chandler,0
Morgan Charriere,0
Chelsea Chandler,0
Luan Chagas,0
Alex Chambers,0
Henry Cejudo,0
Katlyn Cerminara,3
Vinicius Cenci,0
Adam Cella,2
Donald Cerrone,0
Magnus Cedenblad,2
Igor Cavalcanti,3
Gesias Cavalcante,3
Luke Caudillo,3
Jenna Castillo,0
Rafael Cavalcante,0
Nick Catone,2
Danny Castillo,3
Gil Castillo,2
Brandon Cash,1
John Castaneda,0
Cortney Casey,3
Johnny Case,3
Rafael Carvalho,2
Kevin Casey,0
Shane Carwin,0
Shonie Carter,3
Jack Cartwright,2
Clayton Carpenter,0
Solomon Hutcherson,3
Luana Carolina,0
Abongo Humphrey,3
Victor Hugo,0
Jeff Hughes,0
Mark Hunt,0
Mark Hughes,2
Sam Hughes,0
Matt Hughes,2
Collin Huckbody,1
Roger Huerta,3
Austin Hubbard,3
Brian Houston,3
John Howard,0
Jeff Hougland,0
Jamey-Lyn Horth,0
Matt Horwich,0
Chris Horodecki,3
Jeremy Horn,3
Kyoji Horiguchi,0
Yuma Horiuchi,3
Darrell Horcher,0
Ariane Carnelossi,3
Francis Carmont,3
Spike Carlyle,2
Roan Carneiro,2
Liz Carmouche,0
Antonio Carlos Junior,2
Bryan Caraway,3
Chris Cariaso,0
Gina Carano,0
Phil Caracappa,0
Steve Cantwell,3
Guido Cannetti,0
Ronaldo Candido,1
Luiz Cane,3
Carlos Candelario,0
Aleksa Camur,0
Jared Cannonier,0
Chico Camus,3
Will Campuzano,3
Charlie Campbell,2
Shane Campbell,0
Wagner Campos,3
Mike Campbell,3
Fabricio Camoes,3
Frank Camacho,0
Chris Camozzi,0
Nicolle Caliari,2
Darrion Caldwell,3
Cynthia Calvillo,3
Carlos Calderon,2
Priscila Cachoeira,0
Alex Caceres,0
Chase Hooper,0
Dan Hooker,0
Sabah Homasi,2
Chris Honeycutt,2
Mark Holst,3
Mark Hominick,3
Scott Holtzman,0
Joseph Holmes,0
Kurt Holobaugh,0
Paddy Holohan,2
Gabrielle Holloway,3
Holly Holm,3
Chris Holdsworth,3
Roger Hollett,0
Sean Holden,2
Andrew Holbrook,0
Max Holloway,0
Sam Hoger,3
Bobby Hoffman,0
Kwan Ho Kwak,3
Kevin Holland,0
Chris Hofmann,2
Matt Hobar,2
Kuniyoshi Hironaka,3
Mizuto Hirota,3
Kailan Hill,2
Branden Lee Hinkle,2
Hatsu Hioki,3
Corey Hill,2
Richie Hightower,3
Angela Hill,0
Jason High,3
Conor Heun,3
Jay Hieron,3
Marcus Hicks,3
Brady Hiestand,2
Brandon Hester,2
Clint Hester,3
Jimy Hettes,2
Geane Herrera,3
Felice Herrig,3
Carlos Hernandez,0
Chris Herrera,3
Anthony Hernandez,2
Nohelin Hernandez,3
Alexander Hernandez,3
Jack Hermansson,0
Dave Herman,0
TJ Hepburn,3
Jai Herbert,3
Ed Herman,0
Danny Henry,0
Victor Henry,0
Luis Henrique,2
Ron Henderson,3
Johny Hendricks,2
Ian Heinisch,0
Chris Heatherly,2
Nick Hein,3
Benson Henderson,0
Jake Hecht,0
David Heath,3
Dan Henderson,0
Marcin Held,3
James Head,0
Ryan Healy,3
Josh Haynes,3
Dustin Hazelett,3
Pat Healy,3
Tommy Hayden,3
Phil Hawes,0
John Hathaway,3
Ahmad Hassanzada,3
Daiki Hata,3
Justin Haskins,3
Clay Harvison,0
Dale Hartt,3
Collin Hart,0
Kayla Harrison,2
Walt Harris,3
Gerald Harris,3
Phil Harris,3
Carlston Harris,3
Scott Harper,2
Dan Hardy,3
Veronica Hardy,0
Greg Hardy,0
Kay Hansen,0
Shin Haraguchi,1
Nasrat Haqparast,0
Joachim Hansen,3
James Hammortree,3
Dean Hancock,0
Jared Hamman,3
Anthony Hamilton,2
Matt Hamill,3
Brandon Halsey,2
Dennis Hallman,0
Ryan Hall,0
Piotr Hallmann,0
Kevin Haley,2
Uriah Hall,0
Damir Hadzovic,0
Tim Hague,0
Bassil Hafez,3
Cody Haddon,0
Jake Hadley,0
Rolando Dy,3
David Dvorak,0
Matt Dwyer,3
Merab Dvalishvili,2
Albert Duraev,3
Tom Duquesnoy,0
Reuben Duran,0
Cody Durden,2
Christian Leroy Duncan,0
Chris Duncan,2
Evan Dunham,3
Sedriques Dumas,0
Norma Dumont,0
Jessamyn Duke,0
Islam Dulatov,2
Isaac Dulgarian,2
Alexis Dufresne,3
Todd Duffee,3
Viktoriia Dudakova,0
Joe Duarte,3
Milana Dudieva,3
Emily Ducote,0
Dricus Du Plessis,0
Joe Duffy,3
Kyle Driscoll,3
Tomasz Drwal,3
Tiago dos Santos e Silva,3
Anderson Dos Santos,3
Rayanne dos Santos,0
Junior Dos Santos,0
Dong Huaxiang,2
Cody Donovan,0
Rafael Dos Anjos,0
Roman Dolidze,3
Drew Dober,3
Joe Doerksen,3
CB Dollaway,2
John Dodson,3
AJ Dobson,0
Russell Doane,3
Matt Dixon,2
Shana Dobson,3
Ding Meng,0
Adrian Diaz,3
TJ Dillashaw,3
Rafael Dias,3
Nate Diaz,0
Nick Diaz,3
Hacran Dias,3
Tyler Diamond,2
Marc Diakiese,3
Cyrille Diabate,0
Victor Dias,2
Thomas Diagne,0
Edwin DeWees,3
Cory Devela,3
Alessio Di Chirico,3
Tony DeSouza,0
Chris Dempsey,3
Mackenzie Dern,3
Nick Denis,2
Vanessa Demopoulos,3
Thomas Denny,0
Yadier DelValle,0
Jon Delos Reyes,3
Jack Della Maddalena,0
Roland Delorme,0
Jose Delgado,2
Rolando Delgado,3
Shane del Rosario,0
Rafael  Del Real,1
Wallen Del Rosario,3
Tom DeBlass,3
Reinier de Ridder,2
Gloria de Paula,0
Isabela de Padua,3
Mark De La Rosa,3
Mike de la Torre,3
Johil de Oliveira,3
Chris de la Rocha,0
Rodrigo de Lima,3
Montana De La Rosa,3
Geraldo de Freitas,2
Philip De Fries,2
Jason Day,0
Martin Day,0
Mike Davis,0
Grant Dawson,2
Brandon Davis,3
Alexis Davis,0
Phil Davis,3
LC Davis,3
Lemont Davis,0
Marcus Davis,3
Kyle Daukaus,0
Karen Darabedyan,0
Eduardo Dantas,2
Mac Danzig,0
Jarjis Danho,0
Beneil Dariush,0
Batgerel Danaa,3
Cindy Dandois,3
Rodrigo Damm,3
Aisling Daly,0
Richard Dalton,0
Paul Daley,0
Nicolas Dalby,0
Ariane da Silva,3
Alex Da Silva,0
Henrique da Silva,0
Ricardo Funch,0
Riki Fukuda,3
Masio Fullen,3
Kazuyuki Fujita,2
Katsuhisa Fujii,0
Adam Fugitt,0
Don Frye,0
Jinh Yu Frey,0
Rafael Freitas,1
Josh Fremd,0
Matt Frevola,3
Patricio Freire,3
Patricky Freire,0
Donavon Frelow,3
Willamy Freire,3
Ian Freeman,0
John Franchi,0
Glaico Franca Moreira,3
Hermes Franca,3
Brian Foster,3
Rich Franklin,0
Brianna Fortino,3
Marcel Fortuna,0
Renee Forte,3
Jussier Formiga,3
Jesse Forbes,3
Rob Font,0
Caros Fodor,0
Ty Flores,3
Kenny Florian,3
Darrius Flowers,0
Nathan Fletcher,2
AJ Fletcher,0
Jimmy Flick,0
Rafael Fiziev,0
Chris Fishgold,3
Bryanna Fissori,0
Spencer Fisher,0
Luiz Firmino,2
Manon Fiorot,3
Luigi Fioravanti,2
Jon Fitch,2
Torrez Finney,1
Jan Finney,3
Andre Fili,3
Nick Fiore,0
Brady Fink,2
Jafel Filho,3
Edwin Figueroa,3
Mirko Filipovic,0
Deiveson Figueiredo,0
Paulo Filho,0
Francisco Figueiredo,0
Drew Fickett,3
Michal Figlak,3
Erisson Ferreira,3
Brunno Ferreira,0
Andre Fialho,3
Lucas Fernando,2
Cezar Ferreira,3
Diego Ferreira,3
Bibiano Fernandes,2
Gabriella Fernandes,0
Josh Ferguson,0
Feng Xiaocan,0
Kevin Ferguson,2
Tony Ferguson,0
Rodney Faverus,2
Chance Farrar,3
Paul Felder,0
Joao Paulo Faria,0
Brodie Farber,0
Maiquel Falcao,0
Kalindra Faria,0
Pedro Falcao,0
Rinat Fakhretdinov,2
Urijah Faber,3
Bartosz Fabinski,2
Wagnney Fabiano,3
Zhang Weili,0
Luke Zachrich,3
Zhang Lipeng,0
Roman Zentsov,3
Zhang Tiequan,3
Daniel Zellhuber,3
Joao Zeferino,3
Jared Vanderaa,0
David Zawada,3
Marius Zaromskis,3
Val Woodburn,3
Xie Bin,0
Tyron Woodley,0
Wuziazibieke Jiahefu,2
Rob Yundt,3
Sodiq Yusuff,0
Besam Yousef,0
Yusup Saadulaev,2
Shane Young,3
Luke Sanders,0
Ben Saunders,0
Assuerio Silva,0
Alex Stiebling,3
Kevin Syler,0
Anderson Silva,0
Oumar Sy,2
Tim Sylvia,3
Mike Swick,3
Cub Swanson,0
Rama Supandhi,3
Justin Sumter,2
Amar Suloev,3
Sumudaerji,0
George Sullivan,3
Naho Sugiyuma,0
Takashi Sugiura,3
Genki Sudo,3
Mike Stumpf,3
Tatiana Suarez,2
Stefan Struve,0
Hans Stringer,0
Sean Strickland,3
Daniel Straus,0
Jesse Strader,2
Dave Strasser,0
Sam Stout,3
Darko Stosic,2
Niklas Stolze,0
Ken Stone,0
Rick Story,3
Julija Stoliarenko,3
Dustin Stoltzfus,0
Tyler Stinson,3
Kyle Stewart,3
Dan Stittgen,0
Darren Stewart,0
Maia Stevenson,2
Luke Stewart,2
Joe Stevenson,0
Steve Steinbeiss,0
Aljamain Sterling,0
Kody Steele,3
Dominique Steele,2
Jeremy Stephens,3
Laureano Staropoli,3
Kalib Starnes,0
Clifford Starks,3
Damian Stasiak,3
Lucas Stark,1
Cristina Stanciu,0
Brian Stann,3
Cody Stamann,0
Bobby Stack,3
Andreas Stahl,3
Pete Spratt,0
Georges St-Pierre,2
Daniel Spitz,3
Austin Springer,2
Serghei Spivac,2
Eric Spicely,0
Felicia Spencer,0
Mario Sperry,0
Sam Spengler,0
Tommy Speer,0
Sean Spencer,3
Ryan Spann,3
Livinha Souza,0
Ketlen Souza,0
Bobby Southworth,2
Bruno Souza,3
Jacare Souza,0
Andre Soukhamthath,0
Mario Sousa,0
Alex Soto,3
Joe Soto,3
George Sotiropoulos,3
Dmitry Sosnovskiy,2
Greg Soto,0
Krzysztof Soszynski,3
Sean Soriano,0
Punahele Soriano,0
Benardo Sopaj,0
Emrah Sonmez,2
Jin Soo Son,3
Song Yadong,0
Chael Sonnen,2
Song Kenan,0
Joe Solecki,0
Peter Sobotta,3
Rameau Thierry Sokoudjou,0
Renato Sobral,0
Alexander Soldatkin,0
Richie Smullen,1
Devin Smyth,2
Shimon Smotritsky,3
Louis Smolka,0
Jacobe Smith,1
Walter Smith-Cotito,3
Elijah Smith,2
Cole Smith,3
Gilbert Smith,2
Colton Smith,2
Devonte Smith,0
Trevor Smith,0
Anthony Smith,0
Maurice Smith,0
Kestutis Smirnovas,0
Scott Smith,3
Brian Sleeman,1
Zach Skinner,2
Dennis Siver,3
Chas Skelly,3
Mitchell Sipe,0
Rory Singer,3
Tony Sims,0
Aaron Simpson,2
Sim Kai Xiong,2
Ricky Simon,2
Leonardo Silva de Oliveira,1
Elias Silverio,0
Danny Silva,0
Erik Silva,2
Karine Silva,3
Douglas Silva de Andrade,3
Maria Silva,0
Jacob Silva,0
Gabriel Silva,3
Jean Silva,0
Natalia Silva,0
Bruno Silva,0
Joaquim Silva,0
Felipe Silva,0
Leandro Silva,0
Bruno Silva,0
Claudio Silva,3
Erick Silva,0
Antonio Silva,0
Sidney Silva,2
Xavier Siller,3
Paulo Cesar Silva,3
Thiago Silva,0
Steven Siler,3
Siala Siliga,3
Wanderlei Silva,3
Sam Sicilia,3
Jack Shore,2
Akira Shoji,3
Katsuyori Shibata,3
Shi Ming,3
Antonina Shevchenko,0
Jake Shields,3
Valentina Shevchenko,2
Chase Sherman,0
Sean Sherk,3
Shang Zhifa,3
Eric Shelton,3
Frank Shamrock,0
Kamal Shalorus,3
Ken Shamrock,0
Sean Sharaf,0
Don Shainis,0
Leon Shahbazyan,0
Rosi Sexton,3
Igor Severino,1
Edmen Shahbazyan,0
Fredy Serrano,3
Matt Serra,3
YeDam Seo,3
Alex Serdyukov,0
Mackens Semerzier,0
Pete Sell,3
Matthew Semelsberger,3
Andrei Semenov,3
Stefan Sekulic,0
Brendan Seguin,2
Matt Secor,3
Neil Seery,3
Greg Scott,1
Brad Scott,3
Justin Scoggins,2
Wes Schultz,2
Matt Schnell,3
Colleen Schneider,0
Samy Schiavo,3
Fabiano Scherner,3
Brendan Schaub,3
Eric Schambari,3
Antonio Schembri,3
Eric Schafer,3
Mark Scanlon,3
Chris Saunders,3
Lumumba Sayers,2
Matt Sayles,3
Takashi Sato,3
Jeimeson Saudino,3
Keisuke Sasu,2
Paul Sass,3
Yuta Sasaki,3
Harris Sarmiento,3
Yuki Sasaki,0
Jeka Saragih,0
Daniel Sarafian,0
Diego Saraiva,3
Bob Sapp,0
Luana Santos,0
Gabriel Santos,2
Djorden Santos,0
Daniel Santos,3
Taila Santos,0
Marilia Santos,0
Yana Santos,0
Andre Santos,3
Thiago Santos,0
Iliarde Santos,3
Leonardo Santos,0
Bruno Santos,2
Evangelista Santos,3
Mike Santiago,0
Will Santiago,3
Jorge Santiago,3
Duda Santana,2
Hector Sandoval,2
Roldan Sangcha'an,0
Jerrod Sanders,0
Cory Sandhagen,0
Emmanuel Sanchez,3
Robert Sanchez,3
Andrew Sanchez,3
Joby Sanchez,3
Diego Sanchez,3
Eddie Sanchez,0
Josh Sampo,3
Josh Samman,0
Johnny Sampaio,1
Vinicius Salvador,0
Sean Salmon,3
Quillan Salkilld,1
John Salter,3
Luis Saldana,0
Muslim Salikhov,0
Ivan Salaverry,0
Roman Salazar,3
Ryuta Sakurai,0
Justin Salas,3
Alessio Sakara,0
Kazushi Sakuraba,3
Augusto Sakai,0
Hayato Sakurai,0
Lukasz Sajewski,3
Yukio Sakaguchi,3
Kiru Sahota,0
Benoit Saint Denis,2
Jason Saggo,3
Ovince Saint Preux,0
Tarec Saffiedine,0
Frankie Saenz,0
Saparbeg Safarov,0
Nazim Sadykhov,0
Danny Sabatello,2
Amir Sadollah,0
Pat Sabatini,2
Cameron Saaiman,0
Jason Young,3
Trenell Young,3
Kaitlin Young,3
SuYoung You,2
Yoshiyuki Yoshida,3
Hidehiko Yoshida,3
SangHoon Yoo,0
Dong Sik Yoon,3
Xiao Long,0
Rubens Xavier,3
Hirotaka Yokoi,3
Yizha,2
Ashley Yoder,3
Yin Shuai,1
Tadao Yasuda,0
Dongi Yang,0
Jianping Yang,3
Takeshi Yamazaki,3
Yan Qihui,2
Petr Yan,0
Atsushi Yamamoto,3
Norifumi Yamamoto,0
Yan Xiaonan,0
Yoshihisa Yamamoto,3
Mohammad Yahya,3
Alexander Yakovlev,0
Wulijiburen,2
Wu Yanan,3
Rani Yahya,3
Marcin Wrzosek,2
Eric Wray,2
Jordan Wright,0
Sean Woodson,0
Nathaniel Wood,0
Joanne Wood,0
Karolina Wojcik,0
Travis Wiuff,3
Keith Wisniewski,0
Deron Winn,2
Jason Witt,2
Matt Wiman,0
Jonathan Wilson,0
Eddie Wineland,3
Westin Wilson,3
Karl Williams,2
Chris Wilson,0
Tim Williams,3
Jordan Williams,0
Patrick Williams,2
Justin Willis,0
Carter Williams,3
Pete Williams,0
Rob Wilkinson,2
James Wilks,0
Mike Wilkinson,3
Justin Wilcox,3
Adam Wieczorek,3
Jonathan Wiezorek,0
Emily Whitmire,3
Mike Whitehead,3
Robert Whittaker,0
Robert Whiteford,0
Alex White,3
Vernon White,3
Coty Wheeler,3
Sheldon Westcott,3
Mike Wessel,2
Jeremiah Wells,2
Chris Weidman,2
Mark Weir,0
Daniel Weichel,3
Christian Wellisch,3
Fabricio Werdum,0
Darian Weeks,0
Stephanie Webber,2
Joshua Weems,2
Jonavin Webb,3
Royston Wee,2
Tom Watson,0
Brok Weaver,0
Maka Watson,3
Sam Watford,3
Dominic Waters,3
Michelle Waterson-Gomez,0
Trey Waters,0
Ron Waterman,2
Terrion Ware,3
Kengo Watanabe,3
Curt Warburton,3
Joe Warren,2
Joshua Wang-Kim,3
Wang Cong,0
Dimitiri Wanderley,3
Erick Wanderlei,2
Richard Walsh,0
Patrick Walsh,3
Randall Wallace,3
Rodney Wallace,2
Julius Walker,0
Herschel Walker,0
Johnny Walker,0
TJ Waldburger,2
Chase Waldon,1
Valter Walker,2
Chris Wade,0
Jordan Vucenic,0
Jason Von Flue,3
Alexander Volkanovski,0
Alexander Volkov,0
Jacob Volkmann,3
Mateo Vogel,0
Bobby Voelker,3
Falaniko Vitale,0
Brandon Visher,0
Yuri Villefort,3
Armando Villarreal,2
Igor Vovchanchyn,0
Cheyanne Vlismas,0
Pablo Villaseca,3
Joey Villasenor,3
Ike Villanueva,3
Alejandro Villalobos,0
Danillo Villefort,3
Rodolfo Vieira,2
Gian Villante,0
Ketlen Vieira,3
Reginaldo Vieira,3
Milton Vieira,3
Polyana Viana,3
Guilherme Viana,3
James Vick,3
Marvin Vettori,0
Renato Verissimo,0
Hugo Viana,3
Brandon Vera,0
Marlon Vera,0
Luigi Vendramini,3
Karlos Vemola,0
Bojan Velickovic,3
Joe Vedepo,3
Matt Veach,3
Cain Velasquez,2
Javier Vazquez,3
Manny Vazquez,3
Linton Vassell,3
Jamie Varner,3
Kazula Vargas,0
Paige VanZant,0
Austin Vanderford,0
Marcin Tybura,0
Jalin Turner,0
Wellington Turman,0
Lando Vannata,0
Albert Tumenov,3
Anton Turkalj,2
Nyamjargal Tumendemberel,3
Ricky Turcios,3
Marco Tulio,0
Zubaira Tukhugov,3
Blair Tugman,2
Jumabieke Tuerxun,3
Mike van Arsdale,3
Joshua Van,0
Isaac Vallie-Flagg,0
Victor Valimaki,3
Timur Valiev,0
Genaro Valdez,3
Charlie Valencia,3
Richie Vaculik,2
Chris Tuchscherer,3
Jon Tuck,3
Rei Tsuruya,2
Abel Trujillo,3
Gavin Tucker,2
Arman Tsarukyan,2
Tor Troeng,0
Michael Trizano,0
Antonio Trocoli,0
Frank Trigg,0
Bryan Travers,0
Francisco Trevino,3
Francisco Trinaldo,0
Eduardo Torres Caut,3
Manuel Torres,0
Alex Torres,3
Jose Torres,3
Ronys Torres,3
Aleksandre Topuria,0
Ilia Topuria,0
Anatoly Tokov,0
Kazuki Tokudome,3
Tuco Tokkos,3
Dusko Todorovic,0
Denis Tiuliulin,3
Hideo Tokoro,3
Chris Tickle,3
Darren Till,0
Josh Thornburg,0
Simeon Thoresen,0
Josh Thomson,0
Gleison Tibau,3
Stephen Thompson,0
Ryan Thomas,2
Nick Thompson,3
Din Thomas,3
James Thompson,2
Elias Theodorou,3
Alexia Thainara,3
Brandon Thatch,3
Paulo Thiago,3
Motonobu Tezuka,3
David Teymur,0
James Terry,3
David Terrell,2
Daniel Teymur,0
Ramazan Temirov,3
Dave Terrel,2
John Teixeira,3
Tra Telligman,3
J.T Taylor,2
Glover Teixeira,0
Louis Taylor,3
Jesse Taylor,2
Brad Tavares,0
Danielle Taylor,3
Paul Taylor,0
Thiago Tavares,2
Miesha Tate,0
Otari Tanzilovi,2
Michinori Tanaka,3
Kasey Tanner,0
Evan Tanner,0
Akihito Tanaka,2
Issei Tamura,0
Payton Talbott,0
Deividas Taurosevicius,3
Nordine Taleb,0
Yoshihiro Takayama,0
Manny Tapia,3
Hiroyuki Takaya,3
James Te Huna,2
Daiju Takase,3
Nobuhiko Takada,3
Mairbek Taisumov,3
Tatsuro Taira,2
Joe Taimanglo,2
Makoto Takimoto,3
Darren Uyenoyama,3
Mohammed Usman,3
Kamaru Usman,2
Kiyoshi Tamura,0
Kengo Ura,3
Caol Uno,0
Gilbert Urbina,2
Carlos Ulberg,0
Ryuki Ueyama,3
Tagir Ulanbekov,2
Virgil Zwicker,0
Gasan Umalatov,3
Cat Zingano,2
Alberto Uda,2
James Zikic,3
Fares Ziam,0
Zhalgas Zhumagulov,0
Yao Zhikui,3
Daermisi Zhawupasi,1
Elizeu Zaleski dos Santos,3
Zhu Kangjie,0
Aiemann Zahabi,0
Daria Zhelezniakova,3
Youssef Zalal,0
Anton Zafir,2
